Mauricio,Johnson,camilla.klein@witting.com,798-332-4113 x71352,2015-06-09 18:18:54 -0500
Daniel,Hessel,elisa_metz@harvey.info,(330) 461-9911 x251,2015-06-09 18:18:54 -0500
Javier,Wolf,alyon.ernser@mullerpouros.net,(879) 992-5295 x721,2015-06-09 18:18:54 -0500
Daphne,Fritsch,magdalena@quitzon.info,755.341.1429 x524,2015-06-09 18:18:54 -0500
Matilde,Feest,gielle.altenwerth@cain.com,1-237-664-9772,2015-06-09 18:18:54 -0500
Jordon,Lehner,adelbert_brakus@bartell.org,1-369-209-7349 x635,2015-06-09 18:18:54 -0500
Royce,Littel,sigrid@bartellhauck.net,(135) 498-4003,2015-06-09 18:18:54 -0500
Minerva,Harvey,ernest.kozey@vonruedenhermiston.net,1-580-130-6872,2015-06-09 18:18:54 -0500
Sammy,Gutmann,jamir_ullrich@champlin.com,1-756-118-7883,2015-06-09 18:18:54 -0500
Julianne,Kessler,leann@bins.net,(402) 232-2964 x03685,2015-06-09 18:18:54 -0500
Jedediah,Jacobi,lenora_pfeffer@ruel.com,1-600-788-9654,2015-06-09 18:18:54 -0500
Casper,Ruecker,mariano@gusikowski.name,(404) 806-4376 x41759,2015-06-09 18:18:54 -0500
Agnes,Nikolaus,chaz.breitenberg@schneider.info,767-038-2701,2015-06-09 18:18:54 -0500
Kevon,Kling,marion.mcglynn@millsprosacco.net,589-638-1317 x36935,2015-06-09 18:18:54 -0500
Electa,Kessler,aniya_kihn@bechtelarratke.org,843-526-0328 x239,2015-06-09 18:18:54 -0500
